# model_ID,resid_ID, disk_angle, dist2sk, disk2surf, vol
0,1,22,86,347,3991900000
0,2,7,460,168,3991900000
0,3,6,148,345,3991900000
0,4,14,295,270,3991900000
0,5,12,528,186,3991900000
0,6,57,615,125,3991900000
0,7,4,87,443,3991900000
0,8,28,309,161,3991900000
0,9,11,799,80,3991900000
0,10,57,125,101,3991900000
0,11,66,269,30,3991900000
0,12,44,560,114,3991900000
0,13,28,49,452,3991900000
0,14,46,123,381,3991900000
0,15,65,90,310,3991900000
0,16,18,104,305,3991900000
0,17,66,147,82,3991900000
0,18,49,105,122,3991900000
0,19,8,379,209,3991900000
0,20,42,845,25,3991900000
0,21,17,373,185,3991900000
0,22,12,576,149,3991900000
0,23,43,476,193,3991900000
0,24,29,482,254,3991900000
0,25,31,480,196,3991900000
0,26,8,408,321,3991900000
0,27,58,88,405,3991900000
0,28,29,115,367,3991900000
0,29,40,583,80,3991900000
0,30,19,201,337,3991900000
0,31,25,665,46,3991900000
0,32,32,595,120,3991900000
0,33,3,425,127,3991900000
0,34,26,430,244,3991900000
0,35,37,418,276,3991900000
0,36,53,303,324,3991900000
0,37,61,258,323,3991900000
0,38,26,289,364,3991900000
0,39,51,301,371,3991900000
0,40,30,364,253,3991900000
0,41,54,266,392,3991900000
0,42,32,389,273,3991900000
0,43,11,360,343,3991900000
0,44,26,270,400,3991900000
0,45,41,564,148,3991900000
0,46,60,530,183,3991900000
0,47,70,507,204,3991900000
0,48,18,423,148,3991900000
0,49,67,372,200,3991900000
0,50,13,403,343,3991900000
0,51,4,462,268,3991900000
0,52,30,543,95,3991900000
0,53,12,187,230,3991900000
0,54,4,201,214,3991900000
0,55,30,274,181,3991900000
0,56,16,126,296,3991900000
0,57,2,267,147,3991900000
0,58,25,370,139,3991900000
0,59,0,452,182,3991900000
0,60,19,368,187,3991900000
0,61,3,437,260,3991900000
0,62,3,534,152,3991900000
0,63,19,404,142,3991900000
0,64,22,451,248,3991900000
0,65,2,371,314,3991900000
0,66,50,165,367,3991900000
0,67,54,235,362,3991900000
0,68,25,188,430,3991900000
0,69,58,318,378,3991900000
0,70,71,255,362,3991900000
0,71,9,234,430,3991900000
0,72,9,447,214,3991900000
0,73,2,446,180,3991900000
0,74,23,499,145,3991900000
0,75,63,408,310,3991900000
0,76,15,273,215,3991900000
0,77,9,445,104,3991900000
0,78,2,376,131,3991900000
0,79,26,54,369,3991900000
0,80,15,124,385,3991900000
0,81,3,86,369,3991900000
0,82,67,213,351,3991900000
0,83,60,234,289,3991900000
0,84,38,294,203,3991900000
0,85,20,176,364,3991900000
0,86,10,187,413,3991900000
0,87,16,100,404,3991900000
0,88,0,283,209,3991900000
0,89,4,147,309,3991900000
0,90,53,480,298,3991900000
0,91,58,422,311,3991900000
0,92,57,428,341,3991900000
0,93,32,680,112,3991900000
0,94,1,635,166,3991900000
0,95,52,412,139,3991900000
0,96,17,138,365,3991900000
0,97,14,220,265,3991900000
0,98,34,362,195,3991900000
0,99,22,342,226,3991900000
0,100,25,436,150,3991900000
0,101,2,423,143,3991900000
0,102,17,356,255,3991900000
0,103,22,523,199,3991900000
0,104,27,575,208,3991900000
0,105,6,196,255,3991900000
0,106,26,358,90,3991900000
0,107,52,113,426,3991900000
0,108,7,82,406,3991900000
0,109,6,64,407,3991900000
0,110,21,54,427,3991900000
0,111,46,564,158,3991900000
0,112,41,521,196,3991900000
0,113,8,626,126,3991900000
0,114,80,625,132,3991900000
0,115,23,537,198,3991900000
0,116,52,619,128,3991900000
0,117,59,524,172,3991900000
0,118,35,557,150,3991900000
0,119,42,526,164,3991900000
0,120,38,515,169,3991900000
0,121,46,335,207,3991900000
0,122,8,238,273,3991900000
0,123,14,123,295,3991900000
0,124,53,158,282,3991900000
0,125,3,385,150,3991900000
0,126,36,449,136,3991900000
0,127,65,380,295,3991900000
0,128,2,372,213,3991900000
0,129,6,385,229,3991900000
0,130,9,448,188,3991900000
0,131,3,338,302,3991900000
0,132,54,484,274,3991900000
0,133,10,79,414,3991900000
0,134,14,131,332,3991900000
0,135,66,177,325,3991900000
0,136,8,179,263,3991900000
0,137,41,254,376,3991900000
0,138,26,334,270,3991900000
0,139,9,337,305,3991900000
0,140,16,171,435,3991900000
0,141,69,390,355,3991900000
0,142,27,372,384,3991900000
0,143,39,226,451,3991900000
0,144,41,257,435,3991900000
0,145,78,312,367,3991900000
0,146,12,336,288,3991900000
0,147,26,413,269,3991900000
0,148,15,379,271,3991900000
0,149,31,478,192,3991900000
0,150,58,459,281,3991900000
0,151,15,338,135,3991900000
0,152,10,175,322,3991900000
0,153,64,186,290,3991900000
0,154,77,697,95,3991900000
0,155,49,734,117,3991900000
0,156,67,326,307,3991900000
0,157,40,366,293,3991900000
0,158,67,301,364,3991900000
0,159,74,384,282,3991900000
0,160,10,403,126,3991900000
0,161,24,322,89,3991900000
0,162,18,215,231,3991900000
0,163,28,209,219,3991900000
0,164,3,267,150,3991900000
0,165,3,518,146,3991900000
0,166,8,457,219,3991900000
0,167,7,541,154,3991900000
0,168,26,573,179,3991900000
0,169,4,290,325,3991900000
0,170,14,357,258,3991900000
0,171,9,886,165,3991900000
0,172,17,879,145,3991900000
0,173,9,919,162,3991900000
0,174,0,888,176,3991900000
0,175,9,919,154,3991900000
0,176,25,495,147,3991900000
0,177,74,286,397,3991900000
0,178,48,313,374,3991900000
0,179,40,379,223,3991900000
0,180,18,458,111,3991900000
0,181,32,570,133,3991900000
0,182,41,589,106,3991900000
0,183,42,618,94,3991900000
0,184,6,515,99,3991900000
0,185,4,437,149,3991900000
0,186,22,345,166,3991900000
0,187,38,143,371,3991900000
0,188,11,92,396,3991900000
0,189,21,99,419,3991900000
0,190,20,164,341,3991900000
0,191,17,6,477,3991900000
0,192,56,83,399,3991900000
0,193,26,112,438,3991900000
0,194,3,315,390,3991900000
0,195,12,330,344,3991900000
0,196,31,486,236,3991900000
0,197,29,552,156,3991900000
0,198,82,317,372,3991900000
0,199,19,250,420,3991900000
0,200,49,309,360,3991900000
0,201,23,685,117,3991900000
0,202,55,667,109,3991900000
0,203,31,625,106,3991900000
0,204,84,283,227,3991900000
0,205,36,348,157,3991900000
0,206,10,267,298,3991900000
0,207,56,330,187,3991900000
0,208,56,227,323,3991900000
0,209,80,316,205,3991900000
0,210,61,593,174,3991900000
0,211,19,203,434,3991900000
0,212,26,235,405,3991900000
0,213,1,303,356,3991900000
0,214,63,995,136,3991900000
0,215,64,953,125,3991900000
0,216,40,1055,76,3991900000
0,217,27,636,192,3991900000
0,218,16,725,148,3991900000
0,219,18,742,120,3991900000
0,220,15,397,79,3991900000
0,221,43,363,103,3991900000
0,222,23,391,47,3991900000
0,223,38,710,134,3991900000
0,224,27,790,78,3991900000
0,225,54,736,142,3991900000
0,226,58,711,224,3991900000
0,227,16,608,159,3991900000
0,228,27,557,198,3991900000
0,229,7,222,254,3991900000
0,230,41,222,265,3991900000
0,231,75,483,134,3991900000
0,232,8,481,191,3991900000
0,233,27,388,196,3991900000
0,234,37,518,90,3991900000
0,235,0,391,116,3991900000
0,236,2,355,133,3991900000
0,237,31,286,209,3991900000
0,238,58,450,224,3991900000
0,239,32,508,179,3991900000
0,240,20,374,350,3991900000
0,241,5,427,276,3991900000
0,242,10,333,183,3991900000
0,243,35,263,285,3991900000
0,244,15,370,211,3991900000
0,245,8,349,174,3991900000
0,246,7,359,216,3991900000
0,247,43,423,146,3991900000
0,248,14,560,140,3991900000
0,249,14,187,265,3991900000
0,250,7,247,229,3991900000
0,251,40,134,337,3991900000
0,252,16,66,385,3991900000
0,253,19,837,53,3991900000
0,254,30,795,23,3991900000
0,255,6,560,175,3991900000
0,256,19,530,186,3991900000
0,257,12,643,109,3991900000
0,258,40,665,60,3991900000
0,259,47,615,173,3991900000
0,260,28,647,104,3991900000
0,261,61,695,111,3991900000
0,262,38,575,233,3991900000
0,263,14,561,154,3991900000
0,264,61,627,136,3991900000
0,265,9,228,196,3991900000
0,266,2,225,182,3991900000
0,267,0,358,85,3991900000
0,268,20,296,156,3991900000
0,269,46,557,181,3991900000
0,270,17,415,208,3991900000
0,271,56,646,124,3991900000
0,272,36,304,266,3991900000
0,273,35,476,229,3991900000
0,274,40,692,88,3991900000
0,275,45,300,274,3991900000
0,276,65,493,206,3991900000
0,277,11,528,208,3991900000
0,278,69,599,171,3991900000
0,279,51,457,261,3991900000
0,280,49,612,113,3991900000
0,281,3,525,219,3991900000
0,282,51,492,253,3991900000
0,283,35,348,180,3991900000
0,284,67,407,316,3991900000
0,285,17,253,315,3991900000
0,286,34,317,263,3991900000
0,287,7,276,378,3991900000
0,288,32,369,192,3991900000
0,289,29,195,375,3991900000
0,290,76,313,320,3991900000
0,291,15,439,141,3991900000
0,292,0,341,227,3991900000
0,293,26,224,323,3991900000
0,294,66,177,371,3991900000
0,295,49,341,290,3991900000
0,296,24,396,142,3991900000
0,297,48,275,308,3991900000
0,298,16,350,226,3991900000
0,299,16,217,238,3991900000
0,300,18,231,285,3991900000
0,301,44,159,432,3991900000
0,302,76,322,212,3991900000
0,303,9,645,160,3991900000
0,304,8,582,177,3991900000
0,305,48,483,284,3991900000
0,306,28,621,166,3991900000
0,307,43,565,186,3991900000
0,308,21,602,114,3991900000
0,309,12,534,208,3991900000
0,310,27,571,106,3991900000
0,311,55,565,235,3991900000
0,312,66,586,166,3991900000
0,313,48,486,254,3991900000
0,314,28,657,69,3991900000
0,315,24,487,181,3991900000
0,316,54,598,157,3991900000
0,317,7,590,156,3991900000
0,318,45,538,207,3991900000
0,319,56,465,285,3991900000
0,320,31,426,332,3991900000
0,321,67,584,174,3991900000
0,322,52,579,166,3991900000
0,323,57,443,251,3991900000
0,324,6,477,179,3991900000
0,325,65,452,250,3991900000
0,326,35,322,147,3991900000
0,327,5,218,239,3991900000
0,328,22,354,172,3991900000
0,329,9,323,219,3991900000
0,330,28,411,130,3991900000
0,331,13,155,287,3991900000
0,332,13,65,304,3991900000
0,333,53,141,223,3991900000
0,334,1,207,204,3991900000
0,335,13,169,226,3991900000
0,336,49,177,160,3991900000
0,337,25,227,255,3991900000
0,338,44,134,162,3991900000
0,339,5,330,169,3991900000
0,340,19,126,286,3991900000
0,341,3,89,201,3991900000
0,342,59,99,360,3991900000
0,343,29,6,411,3991900000
0,344,57,68,357,3991900000
0,345,21,23,297,3991900000
0,346,36,68,157,3991900000
0,347,15,145,141,3991900000
0,348,33,511,295,3991900000
0,349,45,601,168,3991900000
0,350,44,602,181,3991900000
0,351,68,534,220,3991900000
0,352,55,175,279,3991900000
0,353,29,188,192,3991900000
0,354,48,393,278,3991900000
0,355,42,348,286,3991900000
0,356,5,386,209,3991900000
0,357,19,293,247,3991900000
0,358,16,336,214,3991900000
0,359,31,486,142,3991900000
0,360,35,308,299,3991900000
0,361,33,396,147,3991900000
0,362,14,370,161,3991900000
0,363,36,529,124,3991900000
0,364,32,297,227,3991900000
0,365,5,355,140,3991900000
0,366,7,91,120,3991900000
0,367,33,74,136,3991900000
0,368,32,60,103,3991900000
0,369,5,145,124,3991900000
0,370,52,243,47,3991900000
0,371,8,39,170,3991900000
0,372,23,658,167,3991900000
0,373,14,738,129,3991900000
0,374,26,675,196,3991900000
0,375,68,758,107,3991900000
0,376,16,789,73,3991900000
0,377,39,798,80,3991900000
0,378,31,34,399,3991900000
0,379,30,40,387,3991900000
0,380,20,60,375,3991900000
0,381,22,118,395,3991900000
0,382,32,93,325,3991900000
0,383,37,315,442,3991900000
0,384,45,296,377,3991900000
0,385,60,358,364,3991900000
0,386,51,314,404,3991900000
0,387,40,340,399,3991900000
0,388,20,471,304,3991900000
0,389,66,454,279,3991900000
0,390,14,356,386,3991900000
0,391,24,528,267,3991900000
0,392,2,287,150,3991900000
0,393,6,83,380,3991900000
0,394,7,125,472,3991900000
0,395,33,36,437,3991900000
0,396,3,173,292,3991900000
0,397,2,84,415,3991900000
0,398,2,58,460,3991900000
0,399,61,395,137,3991900000
0,400,13,455,148,3991900000
0,401,4,383,127,3991900000
0,402,15,478,75,3991900000
0,403,66,687,180,3991900000
0,404,31,665,190,3991900000
0,405,61,611,289,3991900000
0,406,15,347,265,3991900000
0,407,34,419,165,3991900000
0,408,29,224,329,3991900000
0,409,28,147,370,3991900000
0,410,24,242,277,3991900000
0,411,24,231,297,3991900000
0,412,36,302,256,3991900000
0,413,21,424,211,3991900000
0,414,27,393,309,3991900000
0,415,12,467,150,3991900000
0,416,5,478,152,3991900000
0,417,47,474,143,3991900000
0,418,47,360,225,3991900000
0,419,48,353,247,3991900000
0,420,20,450,152,3991900000
0,421,72,434,152,3991900000
0,422,46,444,191,3991900000
0,423,41,453,120,3991900000
0,424,50,338,315,3991900000
0,425,14,286,229,3991900000
0,426,67,436,270,3991900000
0,427,33,266,298,3991900000
0,428,1,274,201,3991900000
0,429,37,335,243,3991900000
0,430,20,222,273,3991900000
0,431,21,260,222,3991900000
0,432,14,340,146,3991900000
0,433,16,267,179,3991900000
0,434,29,271,204,3991900000
0,435,8,233,222,3991900000
0,436,13,153,297,3991900000
0,437,60,288,211,3991900000
0,438,2,232,258,3991900000
0,439,0,191,304,3991900000
0,440,6,190,306,3991900000
0,441,11,253,226,3991900000
0,442,11,376,126,3991900000
0,443,69,359,243,3991900000
0,444,52,508,96,3991900000
0,445,12,395,223,3991900000
0,446,26,371,137,3991900000
0,447,12,404,197,3991900000
0,448,32,513,199,3991900000
0,449,65,446,177,3991900000
0,450,78,415,272,3991900000
0,451,87,451,249,3991900000
0,452,55,509,179,3991900000
0,453,35,412,231,3991900000
0,454,30,531,173,3991900000
0,455,16,305,269,3991900000
0,456,5,273,393,3991900000
0,457,52,322,390,3991900000
0,458,0,283,339,3991900000
0,459,32,306,214,3991900000
0,460,18,348,216,3991900000
0,461,13,371,134,3991900000
0,462,29,452,176,3991900000
0,463,38,476,137,3991900000
0,464,22,391,143,3991900000
0,465,26,559,221,3991900000
0,466,23,447,208,3991900000
0,467,5,479,145,3991900000
0,468,21,580,153,3991900000
0,469,40,456,236,3991900000
0,470,0,178,220,3991900000
0,471,2,57,352,3991900000
0,472,10,149,353,3991900000
0,473,43,97,334,3991900000
0,474,19,111,258,3991900000
0,475,44,224,244,3991900000
0,476,1,195,174,3991900000
0,477,56,17,360,3991900000
0,478,63,514,244,3991900000
0,479,74,529,210,3991900000
0,480,47,627,125,3991900000
0,481,5,699,169,3991900000
0,482,79,689,152,3991900000
0,483,53,622,178,3991900000
0,484,46,591,225,3991900000
0,485,2,719,146,3991900000
0,486,0,247,224,3991900000
0,487,27,258,180,3991900000
0,488,2,199,232,3991900000
0,489,31,306,170,3991900000
0,490,24,73,309,3991900000
0,491,70,231,212,3991900000
0,492,56,264,203,3991900000
0,493,13,263,280,3991900000
0,494,48,194,210,3991900000
0,495,18,127,249,3991900000
0,496,35,217,267,3991900000
0,497,24,150,215,3991900000
0,498,36,125,350,3991900000
0,499,7,229,271,3991900000
0,500,37,326,161,3991900000
0,501,19,391,168,3991900000
0,502,12,377,153,3991900000
0,503,33,70,231,3991900000
0,504,21,192,343,3991900000
0,505,22,62,484,3991900000
0,506,49,351,183,3991900000
0,507,45,171,397,3991900000
0,508,29,295,222,3991900000
0,509,46,183,174,3991900000
0,510,37,243,203,3991900000
0,511,44,133,273,3991900000
0,512,29,96,345,3991900000
0,513,38,459,132,3991900000
0,514,23,418,110,3991900000
0,515,3,228,302,3991900000
0,516,34,204,353,3991900000
0,517,22,345,132,3991900000
0,518,28,299,278,3991900000
0,519,35,374,151,3991900000
0,520,0,308,290,3991900000
0,521,41,307,208,3991900000
0,522,46,67,469,3991900000
0,523,44,147,399,3991900000
0,524,55,141,443,3991900000
0,525,33,325,315,3991900000
0,526,47,439,182,3991900000
0,527,35,518,121,3991900000
0,528,42,437,149,3991900000
0,529,43,511,112,3991900000
0,530,40,418,128,3991900000
0,531,8,424,57,3991900000
0,532,4,424,219,3991900000
0,533,21,388,302,3991900000
0,534,25,352,256,3991900000
0,535,67,110,412,3991900000
0,536,53,409,280,3991900000
0,537,55,125,384,3991900000
0,538,42,332,178,3991900000
0,539,54,173,432,3991900000
0,540,72,330,334,3991900000
0,541,53,385,311,3991900000
0,542,72,283,355,3991900000
0,543,32,95,310,3991900000
0,544,59,278,324,3991900000
0,545,46,219,393,3991900000
0,546,45,390,312,3991900000
0,547,47,92,339,3991900000
0,548,35,323,358,3991900000
0,549,55,342,360,3991900000
0,550,69,292,400,3991900000
0,551,51,210,292,3991900000
0,552,7,608,134,3991900000
0,553,5,585,117,3991900000
0,554,21,555,186,3991900000
0,555,28,539,164,3991900000
0,556,24,348,189,3991900000
0,557,5,287,206,3991900000
0,558,45,380,151,3991900000
0,559,3,329,190,3991900000
0,560,0,260,211,3991900000
0,561,5,289,367,3991900000
0,562,11,229,309,3991900000
0,563,35,379,211,3991900000
0,564,3,185,277,3991900000
0,565,8,206,284,3991900000
0,566,54,261,331,3991900000
0,567,40,211,357,3991900000
0,568,33,374,272,3991900000
0,569,29,497,208,3991900000
0,570,77,544,165,3991900000
0,571,10,488,211,3991900000
0,572,65,486,192,3991900000
0,573,11,108,317,3991900000
0,574,24,83,359,3991900000
0,575,33,142,353,3991900000
0,576,3,255,231,3991900000
0,577,10,293,177,3991900000
0,578,27,266,201,3991900000
0,579,0,185,303,3991900000
0,580,44,140,309,3991900000
0,581,6,258,191,3991900000
0,582,28,254,257,3991900000
0,583,28,253,354,3991900000
0,584,6,313,250,3991900000
0,585,53,405,235,3991900000
0,586,54,268,345,3991900000
0,587,38,224,385,3991900000
0,588,11,188,293,3991900000
0,589,82,166,425,3991900000
0,590,22,300,243,3991900000
0,591,18,487,82,3991900000
0,592,58,269,409,3991900000
0,593,13,355,217,3991900000
0,594,67,222,374,3991900000
0,595,82,284,292,3991900000
0,596,34,233,253,3991900000
0,597,38,303,171,3991900000
0,598,5,197,309,3991900000
0,599,8,280,166,3991900000
0,600,56,199,296,3991900000
0,601,7,269,243,3991900000
0,602,28,297,201,3991900000
0,603,37,159,471,3991900000
0,604,67,208,411,3991900000
0,605,7,255,257,3991900000
0,606,41,494,152,3991900000
0,607,38,441,147,3991900000
0,608,33,925,75,3991900000
0,609,42,897,167,3991900000
0,610,41,887,126,3991900000
0,611,31,392,211,3991900000
0,612,34,473,190,3991900000
0,613,45,273,337,3991900000
0,614,22,453,171,3991900000
0,615,44,367,303,3991900000
0,616,11,464,184,3991900000
0,617,2,463,286,3991900000
0,618,70,405,270,3991900000
0,619,13,110,392,3991900000
0,620,2,10,474,3991900000
0,621,20,184,311,3991900000
0,622,21,200,246,3991900000
0,623,19,384,105,3991900000
0,624,18,66,435,3991900000
0,625,31,638,125,3991900000
0,626,53,725,158,3991900000
0,627,56,813,121,3991900000
0,628,18,715,125,3991900000
0,629,47,756,231,3991900000
0,630,31,237,296,3991900000
0,631,13,121,410,3991900000
0,632,28,279,210,3991900000
0,633,13,140,377,3991900000
0,634,20,119,361,3991900000
0,635,9,266,207,3991900000
0,636,23,224,320,3991900000
0,637,4,75,385,3991900000
0,638,1,156,290,3991900000
0,639,0,106,348,3991900000
0,640,25,14,446,3991900000
0,641,41,120,471,3991900000
0,642,58,107,436,3991900000
0,643,39,158,318,3991900000
0,644,15,47,431,3991900000
0,645,34,132,372,3991900000
0,646,31,113,416,3991900000
0,647,21,417,231,3991900000
0,648,33,499,122,3991900000
0,649,43,359,224,3991900000
0,650,57,390,326,3991900000
0,651,50,486,208,3991900000
0,652,69,505,129,3991900000
0,653,3,470,152,3991900000
0,654,38,448,139,3991900000
0,655,36,433,271,3991900000
0,656,23,358,223,3991900000
0,657,26,420,254,3991900000
0,658,8,343,240,3991900000
0,659,9,340,377,3991900000
0,660,16,412,306,3991900000
0,661,11,333,329,3991900000
0,662,45,323,315,3991900000
0,663,9,373,220,3991900000
0,664,41,425,207,3991900000
0,665,65,439,167,3991900000
0,666,43,532,118,3991900000
0,667,23,249,185,3991900000
0,668,23,298,173,3991900000
0,669,23,416,267,3991900000
0,670,13,543,166,3991900000
0,671,15,405,188,3991900000
0,672,5,380,262,3991900000
0,673,12,350,195,3991900000
0,674,36,518,241,3991900000
0,675,20,408,348,3991900000
0,676,51,400,206,3991900000
0,677,6,307,309,3991900000
0,678,41,350,282,3991900000
0,679,37,447,177,3991900000
0,680,10,365,164,3991900000
0,681,45,214,352,3991900000
0,682,7,190,355,3991900000
0,683,17,347,187,3991900000
0,684,75,299,232,3991900000
0,685,12,249,283,3991900000
0,686,66,370,102,3991900000
0,687,43,364,169,3991900000
0,688,43,680,102,3991900000
0,689,6,517,223,3991900000
0,690,45,532,215,3991900000
0,691,56,628,157,3991900000
0,692,64,493,236,3991900000
0,693,51,578,164,3991900000
0,694,6,516,237,3991900000
0,695,26,590,143,3991900000
0,696,72,664,122,3991900000
0,697,2,263,225,3991900000
0,698,18,280,168,3991900000
0,699,27,163,325,3991900000
0,700,10,165,236,3991900000
0,701,52,589,281,3991900000
0,702,70,495,320,3991900000
0,703,2,473,349,3991900000
0,704,51,502,330,3991900000
0,705,27,499,363,3991900000
0,706,46,478,350,3991900000
0,707,43,407,381,3991900000
0,708,21,552,294,3991900000
0,709,34,476,235,3991900000
0,710,35,376,374,3991900000
0,711,54,493,162,3991900000
0,712,16,569,150,3991900000
0,713,48,340,358,3991900000
0,714,47,371,340,3991900000
0,715,36,376,299,3991900000
0,716,46,282,392,3991900000
0,717,41,333,334,3991900000
0,718,29,270,405,3991900000
0,719,17,476,193,3991900000
0,720,18,392,290,3991900000
0,721,4,370,343,3991900000
0,722,23,432,261,3991900000
0,723,74,499,194,3991900000
0,724,23,383,310,3991900000
0,725,64,400,305,3991900000
0,726,46,360,334,3991900000
0,727,69,567,153,3991900000
0,728,27,578,136,3991900000
0,729,29,531,179,3991900000
0,730,50,551,145,3991900000
0,731,31,472,241,3991900000
0,732,1,504,219,3991900000
0,733,1,492,207,3991900000
0,734,56,451,242,3991900000
0,735,72,514,197,3991900000
0,736,51,380,309,3991900000
0,737,9,409,272,3991900000
0,738,38,471,203,3991900000
0,739,42,538,159,3991900000
0,740,27,508,142,3991900000
0,741,50,485,244,3991900000
0,742,8,543,209,3991900000
0,743,13,590,154,3991900000
0,744,31,437,307,3991900000
0,745,62,667,126,3991900000
0,746,63,558,136,3991900000
0,747,52,522,294,3991900000
0,748,0,536,240,3991900000
0,749,52,600,217,3991900000
0,750,10,394,319,3991900000
0,751,45,515,185,3991900000
0,752,37,403,340,3991900000
0,753,4,551,245,3991900000
0,754,35,543,181,3991900000
0,755,39,380,349,3991900000
0,756,1,380,353,3991900000
0,757,31,355,297,3991900000
0,758,64,369,334,3991900000
0,759,39,466,277,3991900000
0,760,75,442,231,3991900000
0,761,54,468,225,3991900000
0,762,74,430,291,3991900000
0,763,64,429,202,3991900000
0,764,12,528,178,3991900000
0,765,31,584,144,3991900000
0,766,4,431,204,3991900000
0,767,60,507,170,3991900000
0,768,64,496,181,3991900000
0,769,41,535,104,3991900000
0,770,61,407,242,3991900000
0,771,40,620,97,3991900000
0,772,57,539,193,3991900000
0,773,64,568,147,3991900000
0,774,72,449,198,3991900000
0,775,71,466,233,3991900000
0,776,63,465,259,3991900000
0,777,39,528,183,3991900000
0,778,37,532,168,3991900000
0,779,31,400,253,3991900000
0,780,57,518,203,3991900000
0,781,39,576,135,3991900000
0,782,57,396,304,3991900000
0,783,58,477,225,3991900000
0,784,58,400,307,3991900000
0,785,20,494,149,3991900000
0,786,19,534,125,3991900000
0,787,76,555,172,3991900000
0,788,54,515,185,3991900000
0,789,22,500,279,3991900000
0,790,15,538,186,3991900000
0,791,3,535,196,3991900000
0,792,5,470,273,3991900000
0,793,4,482,259,3991900000
0,794,22,491,230,3991900000
0,795,46,492,171,3991900000
0,796,12,443,223,3991900000
0,797,36,464,292,3991900000
0,798,55,464,255,3991900000
0,799,10,213,381,3991900000
0,800,47,336,262,3991900000
0,801,55,271,333,3991900000
0,802,22,310,282,3991900000
0,803,27,178,433,3991900000
0,804,58,507,179,3991900000
0,805,47,544,204,3991900000
0,806,9,550,200,3991900000
0,807,56,624,142,3991900000
0,808,40,567,217,3991900000
0,809,29,609,155,3991900000
0,810,5,216,250,3991900000
0,811,25,238,224,3991900000
0,812,17,310,175,3991900000
0,813,10,501,242,3991900000
0,814,37,487,233,3991900000
0,815,43,461,237,3991900000
0,816,37,519,186,3991900000
0,817,4,555,145,3991900000
0,818,15,589,70,3991900000
0,819,53,423,308,3991900000
0,820,47,591,116,3991900000
0,821,11,148,364,3991900000
0,822,12,156,438,3991900000
0,823,1,115,418,3991900000
0,824,13,248,369,3991900000
0,825,36,73,422,3991900000
0,826,14,158,411,3991900000
0,827,66,348,216,3991900000
0,828,35,409,182,3991900000
0,829,66,374,161,3991900000
0,830,10,285,205,3991900000
0,831,4,293,185,3991900000
0,832,51,231,220,3991900000
0,833,0,455,236,3991900000
0,834,1,287,171,3991900000
0,835,8,282,238,3991900000
0,836,12,285,160,3991900000
0,837,36,278,268,3991900000
0,838,7,370,150,3991900000
0,839,9,286,231,3991900000
0,840,30,230,274,3991900000
0,841,16,354,147,3991900000
0,842,8,295,199,3991900000
0,843,35,217,371,3991900000
0,844,39,270,424,3991900000
0,845,25,234,353,3991900000
0,846,32,482,221,3991900000
0,847,58,523,169,3991900000
0,848,5,589,95,3991900000
0,849,48,442,263,3991900000
0,850,24,374,289,3991900000
0,851,12,506,141,3991900000
0,852,28,445,226,3991900000
0,853,43,440,141,3991900000
0,854,32,1073,121,3991900000
0,855,83,974,100,3991900000
0,856,53,1126,41,3991900000
0,857,78,999,23,3991900000
0,858,62,254,430,3991900000
0,859,12,309,340,3991900000
0,860,21,213,411,3991900000
0,861,32,365,297,3991900000
0,862,42,317,375,3991900000
0,863,29,529,215,3991900000
0,864,0,390,253,3991900000
0,865,62,665,104,3991900000
0,866,70,616,129,3991900000
0,867,56,439,208,3991900000
0,868,35,390,277,3991900000
0,869,49,424,278,3991900000
0,870,18,494,197,3991900000
0,871,13,436,290,3991900000
0,872,7,463,251,3991900000
0,873,37,546,166,3991900000
0,874,13,536,187,3991900000
0,875,26,566,147,3991900000
0,876,12,542,184,3991900000
0,877,1,282,189,3991900000
0,878,49,317,242,3991900000
0,879,20,389,248,3991900000
0,880,27,368,258,3991900000
0,881,10,487,139,3991900000
0,882,4,496,144,3991900000
0,883,29,423,210,3991900000
0,884,26,486,129,3991900000
0,885,20,393,210,3991900000
0,886,46,566,92,3991900000
0,887,48,413,172,3991900000
0,888,0,463,135,3991900000
0,889,29,343,233,3991900000
0,890,5,296,319,3991900000
0,891,27,473,147,3991900000
0,892,29,462,187,3991900000
0,893,32,561,81,3991900000
0,894,11,121,289,3991900000
0,895,21,161,308,3991900000
0,896,2,194,253,3991900000
0,897,19,362,121,3991900000
0,898,19,251,208,3991900000
0,899,10,87,335,3991900000
0,900,4,28,386,3991900000
0,901,49,309,359,3991900000
0,902,11,243,401,3991900000
0,903,42,303,316,3991900000
0,904,53,361,387,3991900000
0,905,36,253,236,3991900000
0,906,18,249,219,3991900000
0,907,49,206,326,3991900000
0,908,15,542,205,3991900000
0,909,56,554,244,3991900000
0,910,29,564,275,3991900000
0,911,4,468,308,3991900000
0,912,18,122,396,3991900000
0,913,14,215,323,3991900000
0,914,53,46,431,3991900000
0,915,34,131,331,3991900000
0,916,4,309,208,3991900000
0,917,46,259,352,3991900000
0,918,3,329,295,3991900000
0,919,24,423,223,3991900000
0,920,47,203,344,3991900000
0,921,46,251,378,3991900000
0,922,25,445,219,3991900000
0,923,59,208,425,3991900000
0,924,23,277,211,3991900000
0,925,1,263,215,3991900000
0,926,7,173,323,3991900000
0,927,12,294,180,3991900000
0,928,8,164,311,3991900000
0,929,10,209,278,3991900000
0,930,12,386,303,3991900000
0,931,37,419,106,3991900000
0,932,20,352,254,3991900000
0,933,54,347,390,3991900000
0,934,25,416,379,3991900000
0,935,48,361,309,3991900000
0,936,35,428,301,3991900000
0,937,40,322,203,3991900000
0,938,62,350,339,3991900000
0,939,67,300,331,3991900000
0,940,9,373,250,3991900000
0,941,13,474,161,3991900000
0,942,54,290,280,3991900000
0,943,28,447,206,3991900000
0,944,52,320,327,3991900000
0,945,26,154,309,3991900000
0,946,48,182,330,3991900000
0,947,8,181,299,3991900000
0,948,15,256,329,3991900000
0,949,61,335,360,3991900000
0,950,58,268,371,3991900000
0,951,23,359,289,3991900000
0,952,73,303,285,3991900000
0,953,31,176,380,3991900000
0,954,26,563,100,3991900000
0,955,6,237,307,3991900000
0,956,23,241,312,3991900000
0,957,10,407,330,3991900000
0,958,18,386,303,3991900000
0,959,9,266,398,3991900000
0,960,40,298,340,3991900000
0,961,8,458,329,3991900000
0,962,13,466,111,3991900000
0,963,25,564,82,3991900000
0,964,44,354,269,3991900000
0,965,18,145,402,3991900000
0,966,58,196,319,3991900000
0,967,26,428,294,3991900000
0,968,11,261,296,3991900000
0,969,8,552,165,3991900000
0,970,5,371,360,3991900000
0,971,49,328,272,3991900000
0,972,17,342,444,3991900000
0,973,42,370,401,3991900000
0,974,45,506,171,3991900000
0,975,26,241,478,3991900000
0,976,62,453,278,3991900000
0,977,50,200,415,3991900000
0,978,14,258,334,3991900000
0,979,7,269,253,3991900000
0,980,70,194,405,3991900000
0,981,4,251,346,3991900000
0,982,77,285,417,3991900000
0,983,18,227,296,3991900000
0,984,47,372,292,3991900000
0,985,21,453,220,3991900000
0,986,4,410,299,3991900000
0,987,28,451,229,3991900000
0,988,49,292,296,3991900000
0,989,47,355,257,3991900000
0,990,64,231,356,3991900000
0,991,2,515,83,3991900000
0,992,46,533,181,3991900000
0,993,9,580,154,3991900000
0,994,5,571,113,3991900000
0,995,68,553,170,3991900000
0,996,78,548,147,3991900000
0,997,66,469,226,3991900000
0,998,7,622,118,3991900000
0,999,39,561,140,3991900000
0,1000,26,402,292,3991900000
0,1001,29,290,369,3991900000
0,1002,15,193,392,3991900000
0,1003,23,295,237,3991900000
0,1004,22,234,320,3991900000
0,1005,15,179,393,3991900000
0,1006,23,178,366,3991900000
0,1007,31,299,279,3991900000
0,1008,21,347,303,3991900000
0,1009,24,478,186,3991900000
0,1010,22,538,135,3991900000
0,1011,14,298,320,3991900000
0,1012,8,466,194,3991900000
0,1013,20,408,230,3991900000
0,1014,56,521,146,3991900000
0,1015,52,307,386,3991900000
0,1016,54,255,373,3991900000
0,1017,41,329,323,3991900000
0,1018,47,187,406,3991900000
0,1019,6,391,285,3991900000
0,1020,16,191,429,3991900000
0,1021,7,224,457,3991900000
0,1022,1,257,409,3991900000
0,1023,68,82,395,3991900000
0,1024,47,277,477,3991900000
0,1025,14,239,320,3991900000
0,1026,24,292,207,3991900000
0,1027,24,311,239,3991900000
0,1028,60,306,350,3991900000
0,1029,61,267,400,3991900000
0,1030,45,225,383,3991900000
0,1031,62,169,404,3991900000
0,1032,43,102,377,3991900000
0,1033,23,537,203,3991900000
0,1034,8,539,216,3991900000
0,1035,40,557,155,3991900000
0,1036,45,588,168,3991900000
0,1037,38,462,253,3991900000
0,1038,17,412,282,3991900000
0,1039,21,448,167,3991900000
0,1040,39,522,187,3991900000
0,1041,37,582,164,3991900000
0,1042,50,380,194,3991900000
0,1043,18,390,326,3991900000
0,1044,12,450,266,3991900000
0,1045,55,465,216,3991900000
0,1046,75,526,179,3991900000
0,1047,69,403,286,3991900000
0,1048,51,573,142,3991900000
0,1049,34,679,55,3991900000
0,1050,30,470,168,3991900000
0,1051,60,420,333,3991900000
0,1052,11,348,341,3991900000
0,1053,53,509,301,3991900000
0,1054,66,405,275,3991900000
0,1055,34,541,163,3991900000
0,1056,36,593,181,3991900000
0,1057,12,580,230,3991900000
0,1058,48,763,105,3991900000
0,1059,5,475,242,3991900000
0,1060,29,539,234,3991900000
0,1061,16,745,119,3991900000
0,1062,53,527,274,3991900000
0,1063,53,456,281,3991900000
0,1064,10,663,116,3991900000
0,1065,1,572,199,3991900000
0,1066,63,639,200,3991900000
0,1067,19,606,245,3991900000
0,1068,40,540,138,3991900000
0,1069,9,498,225,3991900000
0,1070,11,485,238,3991900000
0,1071,72,539,217,3991900000
0,1072,10,465,267,3991900000
0,1073,34,613,80,3991900000
0,1074,1,398,282,3991900000
0,1075,55,406,337,3991900000
0,1076,13,436,274,3991900000
0,1077,62,496,244,3991900000
0,1078,8,538,209,3991900000
0,1079,24,543,114,3991900000
0,1080,39,533,137,3991900000
0,1081,14,487,270,3991900000
0,1082,46,613,109,3991900000
0,1083,0,309,167,3991900000
0,1084,36,204,141,3991900000
0,1085,25,190,194,3991900000
0,1086,6,211,264,3991900000
0,1087,8,233,238,3991900000
0,1088,51,142,240,3991900000
0,1089,20,297,188,3991900000
0,1090,10,140,344,3991900000
0,1091,56,112,401,3991900000
0,1092,9,243,168,3991900000
0,1093,46,364,172,3991900000
0,1094,25,427,138,3991900000
0,1095,31,333,95,3991900000
0,1096,6,220,178,3991900000
0,1097,6,258,189,3991900000
0,1098,12,207,236,3991900000
0,1099,40,241,202,3991900000
0,1100,24,285,160,3991900000
0,1101,23,209,215,3991900000
0,1102,14,138,107,3991900000
0,1103,39,114,106,3991900000
0,1104,29,107,112,3991900000
0,1105,30,278,269,3991900000
0,1106,24,284,307,3991900000
0,1107,1,333,295,3991900000
0,1108,4,444,144,3991900000
0,1109,5,328,257,3991900000
0,1110,65,352,225,3991900000
0,1111,5,411,109,3991900000
0,1112,1,409,100,3991900000
0,1113,22,433,129,3991900000
0,1114,32,449,143,3991900000
0,1115,14,357,198,3991900000
0,1116,25,543,109,3991900000
0,1117,26,478,122,3991900000
0,1118,2,208,103,3991900000
0,1119,64,237,147,3991900000
0,1120,36,335,108,3991900000
0,1121,26,444,194,3991900000
0,1122,7,382,200,3991900000
0,1123,30,359,273,3991900000
0,1124,23,367,277,3991900000
0,1125,31,408,183,3991900000
0,1126,36,384,261,3991900000
0,1127,40,455,161,3991900000
0,1128,19,395,214,3991900000
0,1129,22,549,113,3991900000
0,1130,15,444,200,3991900000
0,1131,23,342,228,3991900000
0,1132,33,378,235,3991900000
0,1133,38,408,161,3991900000
0,1134,29,120,358,3991900000
0,1135,55,229,366,3991900000
0,1136,46,119,461,3991900000
0,1137,25,380,199,3991900000
0,1138,50,264,297,3991900000
0,1139,30,412,170,3991900000
0,1140,28,121,436,3991900000
0,1141,33,176,444,3991900000
0,1142,46,366,186,3991900000
0,1143,15,422,234,3991900000
0,1144,27,434,311,3991900000
0,1145,25,241,418,3991900000
0,1146,3,387,275,3991900000
0,1147,34,252,408,3991900000
0,1148,46,261,439,3991900000
0,1149,27,368,345,3991900000
0,1150,32,342,353,3991900000
0,1151,38,453,263,3991900000
0,1152,11,347,363,3991900000
0,1153,6,307,342,3991900000
0,1154,76,488,240,3991900000
0,1155,14,483,132,3991900000
0,1156,53,493,229,3991900000
0,1157,14,442,264,3991900000
0,1158,40,393,261,3991900000
0,1159,34,440,256,3991900000
0,1160,32,603,105,3991900000
0,1161,11,381,271,3991900000
0,1162,13,641,221,3991900000
0,1163,8,668,194,3991900000
0,1164,17,754,91,3991900000
0,1165,81,654,225,3991900000
0,1166,33,656,207,3991900000
0,1167,54,629,277,3991900000
0,1168,56,763,56,3991900000
0,1169,37,653,122,3991900000
0,1170,71,724,149,3991900000
0,1171,40,618,194,3991900000
0,1172,35,630,181,3991900000
0,1173,70,555,282,3991900000
0,1174,28,699,145,3991900000
0,1175,51,643,239,3991900000
0,1176,36,698,130,3991900000
0,1177,71,618,177,3991900000
0,1178,21,727,166,3991900000
0,1179,45,151,370,3991900000
0,1180,4,35,420,3991900000
0,1181,4,49,443,3991900000
0,1182,57,28,445,3991900000
0,1183,30,47,425,3991900000
0,1184,79,116,420,3991900000
0,1185,29,298,294,3991900000
0,1186,1,318,192,3991900000
0,1187,62,297,261,3991900000
0,1188,24,250,256,3991900000
0,1189,30,296,251,3991900000
0,1190,41,168,370,3991900000
0,1191,52,281,280,3991900000
0,1192,33,287,281,3991900000
0,1193,6,475,325,3991900000
0,1194,25,496,299,3991900000
0,1195,40,565,148,3991900000
0,1196,29,483,309,3991900000
0,1197,24,531,212,3991900000
0,1198,31,372,385,3991900000
0,1199,41,524,197,3991900000
0,1200,70,198,467,3991900000
0,1201,60,623,123,3991900000
0,1202,13,417,299,3991900000
0,1203,83,574,156,3991900000
0,1204,24,234,449,3991900000
0,1205,10,503,241,3991900000
0,1206,44,162,467,3991900000
0,1207,5,222,378,3991900000
0,1208,0,531,188,3991900000
0,1209,36,378,319,3991900000
0,1210,79,491,227,3991900000
0,1211,39,413,305,3991900000
0,1212,0,394,317,3991900000
0,1213,1,316,401,3991900000
0,1214,60,423,292,3991900000
0,1215,52,589,147,3991900000
0,1216,55,385,289,3991900000
0,1217,45,520,170,3991900000
0,1218,75,481,201,3991900000
0,1219,17,430,242,3991900000
0,1220,12,504,187,3991900000
0,1221,29,614,138,3991900000
0,1222,20,661,121,3991900000
0,1223,10,571,129,3991900000
0,1224,50,658,105,3991900000
1,1,53,165,151,230650000
1,2,47,185,145,230650000
1,3,54,260,117,230650000
1,4,29,283,106,230650000
1,5,22,350,78,230650000
1,6,59,178,152,230650000
1,7,74,170,155,230650000
1,8,80,245,71,230650000
1,9,70,250,101,230650000
1,10,2,143,146,230650000
1,11,4,134,154,230650000
1,12,62,93,171,230650000
1,13,4,68,224,230650000
1,14,18,144,127,230650000
1,15,65,113,140,230650000
1,16,41,128,139,230650000
1,17,12,71,179,230650000
1,18,18,140,117,230650000
1,19,66,96,154,230650000
1,20,50,125,174,230650000
1,21,66,133,163,230650000
1,22,51,81,207,230650000
1,23,4,121,165,230650000
1,24,15,53,231,230650000
1,25,1,144,162,230650000
1,26,28,192,136,230650000
1,27,4,171,150,230650000
1,28,7,190,147,230650000
1,29,46,180,157,230650000
1,30,13,36,262,230650000
1,31,11,61,273,230650000
1,32,63,153,152,230650000
1,33,20,97,224,230650000
1,34,28,127,181,230650000
1,35,33,197,155,230650000
1,36,0,211,138,230650000
1,37,20,195,147,230650000
1,38,24,204,148,230650000
1,39,41,198,142,230650000
1,40,28,204,136,230650000
1,41,51,125,230,230650000
1,42,17,205,129,230650000
1,43,11,180,121,230650000
1,44,36,41,266,230650000
1,45,45,164,150,230650000
1,46,66,108,215,230650000
1,47,44,192,132,230650000
1,48,22,204,129,230650000
1,49,18,174,155,230650000
1,50,38,154,159,230650000
1,51,10,131,201,230650000
1,52,12,49,181,230650000
1,53,1,76,165,230650000
1,54,36,104,154,230650000
1,55,38,16,246,230650000
1,56,33,94,169,230650000
1,57,4,89,168,230650000
1,58,25,97,169,230650000
1,59,37,144,162,230650000
1,60,5,161,162,230650000
1,61,5,108,212,230650000
1,62,32,105,168,230650000
2,1,22,109,124,223710000
2,2,15,89,126,223710000
2,3,14,199,138,223710000
2,4,67,146,133,223710000
2,5,48,183,138,223710000
2,6,27,172,155,223710000
2,7,25,96,211,223710000
2,8,57,157,153,223710000
2,9,33,128,142,223710000
2,10,63,133,163,223710000
2,11,20,148,149,223710000
2,12,15,246,49,223710000
2,13,25,65,127,223710000
2,14,19,101,199,223710000
2,15,40,170,141,223710000
2,16,7,150,150,223710000
2,17,4,174,150,223710000
2,18,3,147,132,223710000
2,19,3,150,143,223710000
2,20,23,193,143,223710000
2,21,74,105,215,223710000
2,22,46,154,136,223710000
2,23,71,170,139,223710000
2,24,29,125,131,223710000
2,25,60,129,157,223710000
2,26,58,181,144,223710000
2,27,35,211,110,223710000
2,28,25,183,137,223710000
2,29,35,54,258,223710000
2,30,5,161,141,223710000
2,31,43,242,58,223710000
2,32,57,181,101,223710000
2,33,68,119,145,223710000
2,34,2,49,216,223710000
2,35,38,56,183,223710000
2,36,34,42,211,223710000
2,37,28,60,209,223710000
2,38,25,22,170,223710000
2,39,50,5,196,223710000
2,40,22,93,102,223710000
2,41,2,100,112,223710000
2,42,33,126,103,223710000
2,43,22,81,106,223710000
2,44,44,161,127,223710000
2,45,42,176,75,223710000
2,46,50,154,96,223710000
2,47,18,101,151,223710000
2,48,2,91,105,223710000
2,49,0,19,163,223710000
2,50,2,102,126,223710000
3,1,21,77,178,198540000
3,2,37,250,69,198540000
3,3,32,169,174,198540000
3,4,27,192,112,198540000
3,5,78,176,150,198540000
3,6,42,187,137,198540000
3,7,31,196,128,198540000
3,8,27,507,90,198540000
3,9,55,294,129,198540000
3,10,10,267,158,198540000
3,11,55,270,125,198540000
3,12,37,316,74,198540000
3,13,45,99,158,198540000
3,14,55,65,165,198540000
3,15,9,290,118,198540000
3,16,9,261,113,198540000
3,17,25,277,124,198540000
3,18,5,96,176,198540000
3,19,35,133,129,198540000
3,20,39,86,201,198540000
3,21,21,121,170,198540000
3,22,60,152,186,198540000
3,23,17,144,150,198540000
3,24,21,184,118,198540000
3,25,2,115,191,198540000
3,26,37,207,91,198540000
3,27,9,108,136,198540000
3,28,70,159,115,198540000
3,29,7,173,135,198540000
3,30,13,86,217,198540000
3,31,53,192,150,198540000
3,32,5,81,213,198540000
3,33,27,218,112,198540000
3,34,9,190,133,198540000
3,35,30,181,155,198540000
3,36,82,166,158,198540000
3,37,54,216,151,198540000
3,38,60,160,179,198540000
3,39,58,251,111,198540000
3,40,31,118,135,198540000
3,41,74,259,70,198540000
4,1,22,81,141,373730000
4,2,31,135,130,373730000
4,3,27,123,121,373730000
4,4,74,318,124,373730000
4,5,55,315,7,373730000
4,6,24,287,20,373730000
4,7,30,16,210,373730000
4,8,31,43,204,373730000
4,9,7,84,159,373730000
4,10,12,74,164,373730000
4,11,20,90,147,373730000
4,12,6,152,87,373730000
4,13,15,89,201,373730000
4,14,36,58,154,373730000
4,15,28,91,154,373730000
4,16,48,265,58,373730000
4,17,31,90,156,373730000
4,18,46,189,135,373730000
4,19,1,126,156,373730000
4,20,56,240,86,373730000
4,21,57,153,179,373730000
4,22,49,105,217,373730000
4,23,23,105,160,373730000
4,24,9,165,109,373730000
4,25,64,134,143,373730000
4,26,10,71,156,373730000
4,27,38,154,140,373730000
4,28,48,89,199,373730000
4,29,8,124,148,373730000
4,30,62,141,119,373730000
4,31,1,22,198,373730000
4,32,8,105,154,373730000
4,33,25,77,184,373730000
4,34,0,84,161,373730000
4,35,30,37,172,373730000
4,36,27,130,149,373730000
4,37,25,79,187,373730000
4,38,43,173,93,373730000
4,39,23,52,186,373730000
4,40,18,188,79,373730000
4,41,6,46,158,373730000
4,42,13,115,129,373730000
4,43,78,83,227,373730000
4,44,75,63,251,373730000
4,45,82,151,161,373730000
4,46,29,185,122,373730000
4,47,58,215,126,373730000
4,48,0,110,158,373730000
4,49,57,142,188,373730000
4,50,15,143,184,373730000
4,51,45,180,142,373730000
4,52,77,124,128,373730000
4,53,21,92,153,373730000
4,54,46,127,114,373730000
4,55,40,374,92,373730000
4,56,48,404,35,373730000
4,57,22,221,126,373730000
4,58,10,132,180,373730000
4,59,16,119,121,373730000
4,60,20,98,183,373730000
4,61,29,232,126,373730000
4,62,60,180,163,373730000
4,63,33,241,124,373730000
4,64,38,255,144,373730000
4,65,74,186,206,373730000
4,66,82,225,134,373730000
4,67,67,212,149,373730000
5,1,32,236,111,137430000
5,2,32,91,141,137430000
5,3,23,254,82,137430000
5,4,57,174,137,137430000
5,5,38,188,105,137430000
5,6,47,169,77,137430000
5,7,51,95,148,137430000
5,8,27,100,129,137430000
5,9,17,41,169,137430000
5,10,18,191,77,137430000
5,11,32,156,114,137430000
5,12,26,230,96,137430000
5,13,0,90,153,137430000
5,14,13,146,81,137430000
5,15,32,286,111,137430000
5,16,68,238,81,137430000
5,17,15,185,112,137430000
5,18,21,81,148,137430000
5,19,60,150,87,137430000
5,20,47,126,111,137430000
5,21,58,70,157,137430000
5,22,40,76,178,137430000
5,23,7,156,115,137430000
5,24,48,117,129,137430000
5,25,48,135,97,137430000
5,26,22,4,216,137430000
6,1,34,158,119,117140000
6,2,24,40,174,117140000
6,3,50,207,75,117140000
6,4,20,212,98,117140000
6,5,13,109,129,117140000
6,6,20,105,127,117140000
6,7,45,141,99,117140000
6,8,62,103,107,117140000
6,9,44,78,148,117140000
6,10,2,125,79,117140000
6,11,0,74,127,117140000
6,12,25,67,151,117140000
6,13,24,55,150,117140000
6,14,0,10,206,117140000
6,15,4,177,71,117140000
6,16,70,80,138,117140000
6,17,59,109,122,117140000
6,18,40,124,105,117140000
6,19,40,120,103,117140000
7,1,14,275,22,105860000
7,2,8,133,123,105860000
7,3,44,216,8,105860000
7,4,31,195,14,105860000
7,5,49,180,96,105860000
7,6,45,232,40,105860000
7,7,14,54,144,105860000
7,8,15,17,178,105860000
7,9,15,105,103,105860000
7,10,0,82,116,105860000
7,11,62,98,133,105860000
7,12,43,33,190,105860000
7,13,0,82,125,105860000
7,14,37,99,117,105860000
7,15,32,29,166,105860000
7,16,7,100,130,105860000
7,17,68,41,173,105860000
7,18,72,70,137,105860000
7,19,18,99,135,105860000
7,20,72,35,177,105860000
7,21,36,35,179,105860000
7,22,65,199,102,105860000
7,23,33,166,110,105860000
7,24,17,184,76,105860000
8,1,36,79,154,220550000
8,2,12,68,165,220550000
8,3,38,120,144,220550000
8,4,24,139,136,220550000
8,5,42,112,154,220550000
8,6,42,123,164,220550000
8,7,20,100,158,220550000
8,8,23,132,151,220550000
8,9,16,233,124,220550000
8,10,59,148,161,220550000
8,11,26,250,103,220550000
8,12,26,203,95,220550000
8,13,50,162,128,220550000
8,14,0,90,153,220550000
8,15,8,39,206,220550000
8,16,9,103,169,220550000
8,17,25,142,154,220550000
8,18,13,54,218,220550000
8,19,16,141,162,220550000
8,20,38,146,158,220550000
8,21,2,75,200,220550000
8,22,3,54,246,220550000
8,23,61,166,148,220550000
8,24,62,131,163,220550000
8,25,13,153,170,220550000
8,26,2,164,160,220550000
8,27,53,81,165,220550000
8,28,39,147,158,220550000
8,29,53,163,144,220550000
8,30,25,151,159,220550000
8,31,49,175,137,220550000
8,32,73,145,151,220550000
8,33,9,137,158,220550000
8,34,58,140,179,220550000
8,35,15,168,134,220550000
8,36,11,85,224,220550000
8,37,57,137,144,220550000
8,38,72,162,116,220550000
8,39,39,172,96,220550000
9,1,9,178,91,106560000
9,2,31,100,169,106560000
9,3,54,136,149,106560000
9,4,4,154,111,106560000
9,5,53,47,206,106560000
9,6,42,243,122,106560000
9,7,62,283,87,106560000
9,8,77,190,112,106560000
9,9,51,153,127,106560000
9,10,30,161,95,106560000
9,11,12,232,69,106560000
9,12,31,139,177,106560000
9,13,49,81,154,106560000
9,14,64,193,152,106560000
9,15,13,217,122,106560000
9,16,18,293,97,106560000
9,17,3,290,98,106560000
9,18,11,149,135,106560000
9,19,57,145,148,106560000
10,1,19,189,121,191620000
10,2,20,214,102,191620000
10,3,24,73,198,191620000
10,4,0,145,114,191620000
10,5,19,63,185,191620000
10,6,75,90,181,191620000
10,7,14,84,151,191620000
10,8,19,133,138,191620000
10,9,38,68,157,191620000
10,10,21,82,135,191620000
10,11,23,143,129,191620000
10,12,43,214,108,191620000
10,13,67,157,142,191620000
10,14,50,106,153,191620000
10,15,48,103,158,191620000
10,16,51,222,91,191620000
10,17,49,146,157,191620000
10,18,66,99,185,191620000
10,19,50,239,143,191620000
10,20,2,204,126,191620000
10,21,41,146,170,191620000
10,22,1,252,79,191620000
10,23,18,256,55,191620000
10,24,51,150,109,191620000
10,25,0,112,116,191620000
10,26,60,106,164,191620000
10,27,17,34,173,191620000
10,28,30,86,169,191620000
10,29,13,160,122,191620000
10,30,11,65,155,191620000
10,31,27,54,188,191620000
11,1,8,99,144,65642000
11,2,59,91,127,65642000
11,3,37,86,148,65642000
11,4,57,135,119,65642000
11,5,22,45,164,65642000
11,6,3,61,154,65642000
11,7,27,157,117,65642000
11,8,23,124,148,65642000
11,9,42,66,146,65642000
11,10,31,50,155,65642000
11,11,32,92,129,65642000
12,1,47,275,58,84680000
12,2,53,244,103,84680000
12,3,75,302,52,84680000
12,4,44,97,156,84680000
12,5,11,116,143,84680000
12,6,20,102,154,84680000
12,7,51,124,145,84680000
12,8,47,122,140,84680000
12,9,12,105,148,84680000
12,10,6,120,151,84680000
12,11,16,119,139,84680000
12,12,70,137,136,84680000
12,13,84,92,152,84680000
12,14,52,139,141,84680000
12,15,36,97,166,84680000
12,16,67,122,129,84680000
12,17,73,137,120,84680000
12,18,27,153,126,84680000
12,19,22,39,227,84680000
13,1,6,247,106,78671000
13,2,22,235,104,78671000
13,3,53,114,138,78671000
13,4,27,28,195,78671000
13,5,76,160,114,78671000
13,6,13,186,112,78671000
13,7,35,126,155,78671000
13,8,64,104,164,78671000
13,9,3,81,133,78671000
13,10,54,166,147,78671000
13,11,5,155,112,78671000
13,12,24,171,68,78671000
13,13,3,208,85,78671000
